,,,,,,,
,구분,제목,저자,출판사,발행년도,카테고리,ISBN
,아동,프라이팬 할아버지,간자와 도시코,비룡소,,,
,아동,이런 동생은 싫어!,로리 뮈라이유,비룡소,,,
,아동,"너, 정말 이러기야?",러셀 호번,비룡소,,,
,아동,아기 곰 마코,간자와 도시코,비룡소,,,
,아동,뭐든지 무서워하는 늑대,안 로카르,비룡소,,,
,아동,원숭이 동생,이토우 히로시,비룡소,,,
,아동,원숭이는 원숭이,이토우 히로시,비룡소,,,
,아동,"파리 먹을래, 당근 먹을래",마티아스 조트케,비룡소,,,
,아동,뭐 이런 손님이 다 있어!,마티아스 조트케,비룡소,,,
,아동,꼬마 곰에게 뽀뽀를,엘스 미나릭,비룡소,,,
,아동,꼬마 곰의 방문,엘스 미나릭,비룡소,,,
,아동,울보 떼쟁이 못난이,김향이,비룡소,,,
,아동,개구리와 두꺼비는 친구,아놀드 로벨,비룡소,,,
,아동,형이 아니라 누나라니까요!,이경혜,비룡소,,,
,아동,영리한 폴리와 멍청한 늑대,캐더린 스터,비룡소,,,
,아동,할아버지는 수레를 타고,구드룬 파우제방,비룡소,,,
,아동,마리가 사랑에 빠졌어요,브리지트 스미자,비룡소,,,
,아동,대나무 숲에 사는 잉어,홍종의,비룡소,,,
,아동,폭풍의 비밀,크로슬리 홀런드,비룡소,,,
,아동,달마시안 선생님,류호선,비룡소,,,
,일반,21세기 먼나라 이웃나라 네델란드,이연복,김영사,,,
,일반,오늘도 삽질 중 ,야마구치 마유,리더스북,,,
,일반,아들 남자로 키우기,메그 미커,지훈출판사,,,
,일반,준비된 엄마가 행복한 아이를 만든다,백은영,버튼북스,,,
,일반,행복한 엄마가 되는 감정 공부법,홍주희,프로방스,,,
,일반,엄마표 책육아,지에스더,미디어숲,,,
,일반,책 읽어주기의 기적,임영주,노란우산,,,
,일반,내 반려견의 IQ는 얼마나 될까,발레리 드라마르,여백미디어,,,
,일반,괴짜들의 비밀,앨리사 실링,새로운현재,,,
,일반,월급쟁이를 위한 부동산 투자 스쿨,김영완,미다스북스,,,
,일반,다시 시작하는 인문학 공부,윤선영,홍익출판사,,,